Suite/Test/Step Name,Browser,Description,Tag,Start time,End time,Duration,Status
datadriventest,Chrome 128.0.0.0,,,25-08-2024 19:56:14,25-08-2024 19:56:29,14.297s,PASSED
,,,,,,,
Test Cases/SCRIPT RECORDING MODE,Chrome 128.0.0.0,,,25-08-2024 19:56:15,25-08-2024 19:56:29,14.141s,PASSED
"openBrowser("""")",Chrome 128.0.0.0,,,25-08-2024 19:56:15,25-08-2024 19:56:17,2.202s,PASSED
"navigateToUrl(""https://opensource-demo.orangehrmlive.com/web/index.php/auth/login"")",Chrome 128.0.0.0,,,25-08-2024 19:56:17,25-08-2024 19:56:25,8.222s,PASSED
"setText(findTestObject(""Object Repository/ORANGEHRM_LOGIN_PAGE/Page_OrangeHRM/input_Username_username""), ""Admin"")",Chrome 128.0.0.0,,,25-08-2024 19:56:25,25-08-2024 19:56:26,1.246s,PASSED
"setText(findTestObject(""Object Repository/ORANGEHRM_LOGIN_PAGE/Page_OrangeHRM/input_Password_password""), ""admin123"")",Chrome 128.0.0.0,,,25-08-2024 19:56:26,25-08-2024 19:56:27,0.597s,PASSED
"click(findTestObject(""Object Repository/ORANGEHRM_LOGIN_PAGE/Page_OrangeHRM/button_Login""))",Chrome 128.0.0.0,,,25-08-2024 19:56:27,25-08-2024 19:56:29,1.507s,PASSED
closeBrowser(),Chrome 128.0.0.0,,,25-08-2024 19:56:29,25-08-2024 19:56:29,0.141s,PASSED
